,representativity (%),accuracy
0,75.0,0.759567387687188
1,85.0,0.7714226289517471
2,95.0,0.7651830282861897
