,n_components,accuracy
0,1.0,0.49105657237936773
1,2.0,0.617720465890183
2,3.0,0.6932196339434277
3,4.0,0.7175540765391015
4,5.0,0.7439683860232945
5,6.0,0.7601913477537438
