,representativity (%),accuracy
0,75.0,0.7649750415973378
1,85.0,0.7735024958402662
2,95.0,0.7622712146422629
