,n_components,accuracy
0,1.0,0.5507487520798668
1,2.0,0.6474625623960066
2,3.0,0.7094425956738769
3,4.0,0.7443843594009983
4,5.0,0.757279534109817
5,6.0,0.769134775374376
