k,iteration,random_seed,db_index
2,0,359,3.0125509655825264
3,0,359,3.094894678980874
4,0,359,2.698991882951865
2,1,359,3.0125509655825264
3,1,359,3.094894678980874
4,1,359,2.698991882951865
