,representativity (%),1,3,5,7,9
0,75.0,0.7959650582362728,0.7759983361064892,0.7674708818635607,0.7568635607321131,0.745216306156406
1,85.0,0.7961730449251248,0.7759983361064892,0.7674708818635607,0.7568635607321131,0.7450083194675541
2,95.0,0.793053244592346,0.7757903494176372,0.7624792013311148,0.7531198003327787,0.7443843594009983
