,n_components,1,3,5,7,9
0,1.0,0.5507487520798668,0.5507487520798668,0.5609400998336106,0.5667637271214643,0.5709234608985025
1,2.0,0.65869384359401,0.6697171381031614,0.6782445923460898,0.6811564059900166,0.6863560732113144
2,3.0,0.7462562396006656,0.7400166389351082,0.7414725457570716,0.7371048252911814,0.7412645590682196
3,4.0,0.7976289517470881,0.790765391014975,0.788269550748752,0.7772462562396006,0.7755823627287853
4,5.0,0.8188435940099834,0.7992928452579035,0.8024126455906821,0.7957570715474209,0.7911813643926788
5,6.0,0.8394342762063228,0.8252911813643927,0.8117720465890182,0.8032445923460898,0.7951331114808652
